{
  "generated_at": "2025-12-12T18:38:11.194687",
  "scenarios_file": "demo/v2/scenarios/baseline.json",
  "total_scenarios": 3,
  "failed_count": 0,
  "failed_scenarios": [],
  "results": [
    {
      "name": "baseline_async_cpu",
      "num_instances": 50,
      "strategy": "async",
      "workload_type": "cpu",
      "work_duration": 0.5,
      "max_concurrent_jobs": 20,
      "repeats": 5,
      "timeout": 120,
      "job_timeout_ms": 30000,
      "description": "Baseline: Async strategy with CPU workload",
      "phase": "1_baseline",
      "total_time_avg": 30.214241218566894,
      "total_time_min": 29.065531253814697,
      "total_time_max": 30.643710136413574,
      "total_time_std": 0.5832440396352967,
      "jobs_per_second_avg": 1.655482680778927,
      "jobs_per_second_min": 1.6316562119084126,
      "jobs_per_second_max": 1.7202506833050837,
      "jobs_per_second_std": 0.03283987918722669,
      "memory_peak_mb_avg": 39.15742588043213,
      "memory_peak_mb_min": 39.028204917907715,
      "memory_peak_mb_max": 39.31857204437256,
      "max_rss_mb_avg": 223.79375,
      "max_rss_mb_min": 220.953125,
      "max_rss_mb_max": 225.15625,
      "peak_total_rss_mb_avg": 239.040625,
      "peak_total_rss_mb_min": 236.25,
      "peak_total_rss_mb_max": 240.453125,
      "peak_children_rss_mb_avg": 15.3,
      "peak_children_rss_mb_min": 15.296875,
      "peak_children_rss_mb_max": 15.3125,
      "jobs_completed": 50,
      "expected_jobs": 50,
      "all_runs": [
        {
          "total_time": 30.436484813690186,
          "jobs_completed": 50,
          "jobs_per_second": 1.6427652636650814,
          "expected_jobs": 50,
          "memory_current_mb": 0.603510856628418,
          "memory_peak_mb": 39.29740524291992,
          "max_rss_mb": 220.953125,
          "rss_delta_mb": 125.328125,
          "peak_total_rss_mb": 236.25,
          "peak_children_rss_mb": 15.296875
        },
        {
          "total_time": 30.643710136413574,
          "jobs_completed": 50,
          "jobs_per_second": 1.6316562119084126,
          "expected_jobs": 50,
          "memory_current_mb": 0.44945526123046875,
          "memory_peak_mb": 39.05650234222412,
          "max_rss_mb": 222.859375,
          "rss_delta_mb": 1.90625,
          "peak_total_rss_mb": 238.15625,
          "peak_children_rss_mb": 15.296875
        },
        {
          "total_time": 29.065531253814697,
          "jobs_completed": 50,
          "jobs_per_second": 1.7202506833050837,
          "expected_jobs": 50,
          "memory_current_mb": 0.37432289123535156,
          "memory_peak_mb": 39.08644485473633,
          "max_rss_mb": 224.84375,
          "rss_delta_mb": 1.984375,
          "peak_total_rss_mb": 240.140625,
          "peak_children_rss_mb": 15.296875
        },
        {
          "total_time": 30.572271823883057,
          "jobs_completed": 50,
          "jobs_per_second": 1.6354689075131146,
          "expected_jobs": 50,
          "memory_current_mb": 0.5871105194091797,
          "memory_peak_mb": 39.31857204437256,
          "max_rss_mb": 225.15625,
          "rss_delta_mb": 0.3125,
          "peak_total_rss_mb": 240.203125,
          "peak_children_rss_mb": 15.296875
        },
        {
          "total_time": 30.35320806503296,
          "jobs_completed": 50,
          "jobs_per_second": 1.647272337502942,
          "expected_jobs": 50,
          "memory_current_mb": 0.31929779052734375,
          "memory_peak_mb": 39.028204917907715,
          "max_rss_mb": 225.15625,
          "rss_delta_mb": 0.0,
          "peak_total_rss_mb": 240.453125,
          "peak_children_rss_mb": 15.3125
        }
      ],
      "status": "success",
      "elapsed_time": 153.00868892669678,
      "timestamp": "2025-12-12T18:36:46.535649"
    },
    {
      "name": "baseline_thread_io",
      "num_instances": 50,
      "strategy": "thread",
      "workload_type": "io",
      "work_duration": 0.5,
      "max_concurrent_jobs": 20,
      "repeats": 5,
      "timeout": 120,
      "job_timeout_ms": 30000,
      "description": "Baseline: Thread strategy with IO workload",
      "phase": "1_baseline",
      "total_time_avg": 8.470790004730224,
      "total_time_min": 2.6096887588500977,
      "total_time_max": 31.83479619026184,
      "total_time_std": 11.68200786852032,
      "jobs_per_second_avg": 15.524778791023948,
      "jobs_per_second_min": 1.5706084531269855,
      "jobs_per_second_max": 19.159372867909124,
      "jobs_per_second_std": 6.977507046760539,
      "memory_peak_mb_avg": 53.701518821716306,
      "memory_peak_mb_min": 52.575682640075684,
      "memory_peak_mb_max": 54.60982608795166,
      "max_rss_mb_avg": 270.90625,
      "max_rss_mb_min": 270.90625,
      "max_rss_mb_max": 270.90625,
      "peak_total_rss_mb_avg": 265.9625,
      "peak_total_rss_mb_min": 253.59375,
      "peak_total_rss_mb_max": 281.265625,
      "peak_children_rss_mb_avg": 10.359375,
      "peak_children_rss_mb_min": 10.359375,
      "peak_children_rss_mb_max": 10.359375,
      "jobs_completed": 50,
      "expected_jobs": 50,
      "all_runs": [
        {
          "total_time": 31.83479619026184,
          "jobs_completed": 50,
          "jobs_per_second": 1.5706084531269855,
          "expected_jobs": 50,
          "memory_current_mb": 0.5219144821166992,
          "memory_peak_mb": 54.42349338531494,
          "max_rss_mb": 270.90625,
          "rss_delta_mb": 45.75,
          "peak_total_rss_mb": 281.265625,
          "peak_children_rss_mb": 10.359375
        },
        {
          "total_time": 2.6096887588500977,
          "jobs_completed": 50,
          "jobs_per_second": 19.159372867909124,
          "expected_jobs": 50,
          "memory_current_mb": 0.6154155731201172,
          "memory_peak_mb": 54.60982608795166,
          "max_rss_mb": 270.90625,
          "rss_delta_mb": 0.0,
          "peak_total_rss_mb": 253.59375,
          "peak_children_rss_mb": 10.359375
        },
        {
          "total_time": 2.635167121887207,
          "jobs_completed": 50,
          "jobs_per_second": 18.97412865571573,
          "expected_jobs": 50,
          "memory_current_mb": 0.37517833709716797,
          "memory_peak_mb": 53.4329891204834,
          "max_rss_mb": 270.90625,
          "rss_delta_mb": 0.0,
          "peak_total_rss_mb": 261.203125,
          "peak_children_rss_mb": 10.359375
        },
        {
          "total_time": 2.6342661380767822,
          "jobs_completed": 50,
          "jobs_per_second": 18.980618274394956,
          "expected_jobs": 50,
          "memory_current_mb": 0.5469779968261719,
          "memory_peak_mb": 53.46560287475586,
          "max_rss_mb": 270.90625,
          "rss_delta_mb": 0.0,
          "peak_total_rss_mb": 265.203125,
          "peak_children_rss_mb": 10.359375
        },
        {
          "total_time": 2.6400318145751953,
          "jobs_completed": 50,
          "jobs_per_second": 18.939165703972947,
          "expected_jobs": 50,
          "memory_current_mb": 0.36434173583984375,
          "memory_peak_mb": 52.575682640075684,
          "max_rss_mb": 270.90625,
          "rss_delta_mb": 0.0,
          "peak_total_rss_mb": 268.546875,
          "peak_children_rss_mb": 10.359375
        }
      ],
      "status": "success",
      "elapsed_time": 44.1169319152832,
      "timestamp": "2025-12-12T18:37:30.653149"
    },
    {
      "name": "baseline_process_cpu",
      "num_instances": 50,
      "strategy": "process",
      "workload_type": "cpu",
      "work_duration": 0.5,
      "max_concurrent_jobs": 10,
      "repeats": 5,
      "timeout": 120,
      "job_timeout_ms": 30000,
      "description": "Baseline: Process strategy with CPU workload",
      "phase": "1_baseline",
      "total_time_avg": 6.776102352142334,
      "total_time_min": 6.6986260414123535,
      "total_time_max": 6.876495122909546,
      "total_time_std": 0.061457605622870476,
      "jobs_per_second_avg": 7.379477726822986,
      "jobs_per_second_min": 7.271145998987383,